shortName,npxG_adjusted_per90,final_third_passes_adjusted_per90,final_third_receptions_adjusted_per90,ground_duels_won_adjusted_per90,air_duels_won_adjusted_per90,smart_passes_adjusted_per90,goals_adjusted_per90,assists_adjusted_per90,key_passes_adjusted_per90,Minutes
W. Bony,0.457468371,10.05533318,17.79020485,9.539675065,12.37579468,1.031316223,0.515658112,0,0.257829056,756
Álvaro Morata,0.780015325,14.92035553,25.49206472,12.74603236,3.598879725,0.674789949,0.82474327,0.299906644,0.449859966,2143
Jesús Rodríguez,0.322919951,15.42340885,29.05339806,11.83656958,0,1.07605178,0.358683927,0.358683927,1.07605178,618
Joselu,0.739185898,16.06680994,21.14053939,6.040154112,16.18761302,0.362409247,0.483212329,0.120803082,0.483212329,1775
Deulofeu,0.300217238,20.67167292,29.10909044,13.07799716,0,1.687483504,0.421870876,0,0.421870876,441
Pedro,0.415491408,23.44219249,29.99805988,9.237813142,0.099331324,0.993313241,0.397325296,0.198662648,0.397325296,1592
A. Sánchez,0.442862669,39.37416055,48.38892404,16.34289382,0.988715996,3.373266339,0.465278116,0.290798822,1.802952699,2639
S. Rondón,0.548412057,17.73859761,26.4983989,15.76764232,10.14676983,0.36499172,0.510988409,0.072998344,0.36499172,2901
T. Hemed,0.624225137,8.503935149,22.75377243,5.975738213,15.3990177,0.229836085,0.45967217,0.229836085,0,883
Philippe Coutinho,0.315785052,38.45339096,36.69937663,15.11150803,0.404772536,2.833407755,0.674620894,0.539696715,1.349241788,1134
T. Walcott,0.359854709,17.83372793,31.42829102,12.57131641,0.584712391,0.438534293,0.438534293,0.292356196,0.730890489,1288
R. Lukaku,0.743095242,13.90002541,23.35204269,8.896016263,6.44961179,0.722801321,0.889601626,0.389200711,0.556001016,2998
D. Sturridge,0.65485332,18.1561859,26.16626791,12.01512302,0.801008201,2.403024604,0.534005468,0.267002734,0.534005468,577
J. Hernández,0.540951215,14.85774752,17.23498713,10.93530218,1.901791683,0.356585941,0.950895841,0,0.832033861,1635
W. Rooney,0.305644828,25.54116194,22.63875717,3.897514971,2.321923813,0.829258505,0.580480953,0.08292585,0.497555103,2328
D. Welbeck,0.562793885,19.92029357,28.45756224,8.181549144,2.727183048,0.355719528,0.59286588,0.237146352,0.474292704,1270
A. Carroll,0.627494323,12.26228338,24.74751736,7.357370027,17.16719673,0.222950607,0.668851821,0,0.668851821,806
J. Defoe,0.730869893,8.905216632,17.49796952,4.999419863,0,0.468695612,0.624927483,0.156231871,0.312463741,1161
S. Agüero,0.81880127,17.74241015,26.83779731,9.607803331,1.024832355,0.832676289,1.088884378,0.384312133,1.024832355,2038
S. Long,0.520317729,14.28181388,26.75175585,6.075099934,7.460649042,0.213161401,0.213161401,0.106580701,0.852645605,1662
G. Murray,0.633396815,11.82875011,22.25557428,7.097250065,10.16396306,0.700962969,0.700962969,0,0.525722227,2279
M. Antonio,0.399582101,14.06644509,27.28890348,18.42704307,6.329900291,0.703322255,0.421993353,0.140664451,0.562657804,1404
H. Robson-Kanu,0.619825022,14.48976749,24.39110861,15.69724811,5.554410871,0.965984499,0.48299225,0,0.724488374,881
H. Kane,1.023532203,12.55344022,20.7829177,8.880396603,2.882641829,0.743907569,1.255344022,0.092988446,0.418448007,3201
P. Crouch,0.484166468,11.63083918,21.71881193,3.085732843,29.43314404,0.118682032,0.593410162,0.237364065,0.356046097,1666
T. Deeney,0.368116715,13.98710113,20.75505329,3.429095761,13.08470751,0.721914897,0.180478724,0.090239362,0.270718086,1940
C. Austin,1.050215676,10.92438088,19.53146884,4.303543983,5.958753207,0.165520922,0.993125534,0,0.165520922,1109
J. Rodriguez,0.574171394,16.50255401,25.32419578,7.528814963,5.247355883,0.304194544,0.456291816,0,0.304194544,2868
A. Barnes,0.633866026,12.45771746,25.18625487,9.839791328,7.853778399,0.54163989,0.812459834,0,0.36109326,2275
S. Vokes,0.57323066,8.799213075,21.71720674,3.931563289,23.96381433,0,0.748869198,0,0.187217299,1095
C. Wood,0.833510332,13.59937012,23.588288,5.054633143,9.86856947,0.120348408,1.203484082,0.120348408,0.481393633,1673
S. Berahino,0.235835686,14.00368224,18.53428531,5.35434909,3.294984055,0,0,0.411873007,0,538
J. King,0.448523813,17.23512706,23.84778805,16.60199994,5.205711845,1.055211861,0.422084744,0.140694915,1.266254233,2581
A. Gray,0.630820628,13.73661724,19.47016183,5.852993433,2.030630375,0.597244228,0.597244228,0.238897691,0.477795382,1594
R. Sterling,0.680522625,25.30703145,38.82656726,10.34412882,0.433010044,0.81790786,0.81790786,0.481122271,0.914132315,2697
C. Wilson,0.626133551,13.38215903,20.39186137,9.103509541,2.002772099,0.728280763,0.728280763,0.182070191,0.273105286,2063
D. Gayle,0.826619554,13.74024397,20.355917,5.08897925,6.819232195,0.40711834,0.61067751,0.305338755,0.20355917,2040
J. Vardy,0.511638092,8.934109897,17.25781477,4.272835168,4.217343802,0.166474097,0.832370487,0.110982732,0.610405024,3370
M. Arnautovi?,0.851410683,22.34432046,29.21949599,13.83219838,1.391404571,0.982167932,0.900320605,0.409236638,0.900320605,2391
S. Okazaki,0.894012909,14.89974971,17.52100197,9.243363244,4.414740654,0.827763873,0.827763873,0,0.551842582,1374
Son Heung-Min,0.4202388,28.12869455,38.67695501,11.04174633,0.246742935,1.048657472,0.740228804,0.308428668,0.555171603,2383
M. Diouf,0.557494756,12.67040633,23.98611513,5.259413949,11.87352543,0.318752361,0.478128541,0.07968809,0.478128541,2698
E. Choupo-Moting,0.584846323,18.82849164,25.40070099,15.72001425,4.79593655,0.976950038,0.444068199,0.355254559,0.444068199,2355
Roberto Firmino,0.417537739,23.33961731,28.42508438,8.136747318,2.623030385,1.712999435,0.749437253,0.214124929,0.695906021,2852
E. Kachunga,0.264490864,15.31258189,21.0723604,11.80052182,2.950130456,0.280964805,0.140482403,0.140482403,0.702412013,1364
C. Quaner,0.260975949,22.03193645,26.94351464,11.92811846,2.385623692,0.280661611,0,0.561323222,0.561323222,1360
S. Okaka,0.373684412,20.76705882,24.2868993,14.07936191,7.391665005,1.055952144,0.351984048,0.351984048,0.351984048,500
M. Gabbiadini,0.416059428,7.460431169,13.91657353,2.438987113,1.865107792,0.14346983,0.573879321,0,0.573879321,1153
A. Lacazette,0.647568783,18.83541531,29.58941932,8.208677617,1.527195836,0.572698438,0.763597918,0.254532639,1.145396877,2279
J. Ayew,0.424417293,16.62430036,26.19175486,16.9635718,3.596277221,0.271417149,0.407125723,0.067854287,0.271417149,2952
A. Ayew,0.407059142,16.10245866,17.31773855,8.50695929,4.15220632,0.4050933,0.303819975,0.20254665,0.20254665,1927
E. Hazard,0.40119722,49.59130876,45.69532046,23.90419943,0.3962022,2.641348003,0.660337001,0.1320674,1.584808802,2504
S. Manuel,0.590910014,24.87230981,34.51531763,11.97063039,1.596084052,1.795594559,0.665035022,0.266014009,0.798042026,2257
P. Aubameyang,0.798565928,13.77930022,21.53015659,4.593100073,1.291809396,0.143534377,1.291809396,0.574137509,0.574137509,1098
O. Giroud,0.864837424,15.97487847,30.68858233,4.3440459,8.828222313,0.560522052,0.98091359,0.140130513,0.840783077,1093
C. Tosun,0.517457328,18.1578626,25.53449428,6.241765267,5.863476463,0.378288804,0.94572201,0,0.756577608,1017
C. Benteke,0.768558233,10.85430439,20.14558895,6.773085941,22.83745644,0.347337741,0.17366887,0.260503305,0.521006611,2344
L. Depoitre,0.319777999,10.13804848,18.53191658,7.739800454,14.60751072,0.218022548,0.654067644,0,0.109011274,1917
G. Carrillo,0.310948989,11.8725189,18.3176006,2.374503781,10.85487443,0.678429652,0,0.339214826,0,465
J. Izquierdo,0.460263318,21.67311545,25.18496286,9.130803268,1.003384975,0.301015492,0.501692487,0.301015492,0.702369482,2062
I. Slimani,0.165966793,23.37589864,27.04270627,11.45877384,5.958562399,0.916701908,0.458350954,0.458350954,1.375052861,431
Mohamed Salah,0.870522235,21.33853701,31.35045721,10.06248546,0.505652536,1.264131339,1.567522861,0.353956775,0.556217789,2995
B. Afobe,0.530389557,15.56397579,18.05421191,8.71582644,5.291751767,0,0,0,0,591
A. Martial,0.636789628,30.31621565,40.12146032,14.50775996,1.500802755,1.600856272,0.800428136,0.500267585,1.200642204,1650
O. Niasse,1.275687194,15.55862997,31.11725995,11.62622899,6.667984274,0.854869779,1.367791646,0.170973956,0.512921867,1159
S. Mounié,0.623682187,12.3117965,20.28984064,4.333752369,16.05458264,0.098494372,0.787954976,0.098494372,0.295483116,1938
Ayoze Pérez,0.579595525,17.65456874,24.65277617,11.84923758,3.578628798,0.954301013,0.636200675,0.318100338,0.874775929,2598
L. Mousset,0.393464923,15.23634237,24.48697881,15.50841991,1.360387712,1.088310169,0.544155085,0,0.544155085,676
F. Diabaté,0.124149709,27.03557312,34.87588933,14.59920949,2.973913043,0.811067194,0,0.270355731,0.811067194,630
K. Iheanacho,0.935693146,18.49114285,24.3746883,7.144305191,1.050633116,1.470886363,0.63037987,0.420253247,0.840506493,886
D. Solanke,0.766881754,17.13354064,26.79861485,6.809484102,4.832537104,0.87864311,0.219660777,0.439321555,0.87864311,647
D. Calvert-Lewin,0.54814729,12.86480885,28.26206039,7.597328062,14.99206071,0.202595415,0.40519083,0.40519083,0.40519083,1985
Gabriel Jesus,0.764737402,15.21482046,21.85265879,4.251199834,1.491649064,0.969571892,0.969571892,0.149164906,0.447494719,1729
T. Abraham,0.679570972,7.996177236,16.9392702,9.784795829,5.471068635,0.63127715,0.526064292,0.105212858,0.315638575,1813
Richarlison,0.642491675,15.64588263,29.06547365,15.08930973,8.039386329,0.680255766,0.309207167,0.247365733,0.309207167,2963
M. Rashford,0.415373487,17.10721622,28.82565933,10.17879365,1.454113379,1.197505135,0.598752568,0.342144324,0.76982473,1904
